id,type1simline,type2simline,type3simline,type1simtok,type2simtok,type3simtok,fragment1,path,startline,endline,lines,prettylines,tokens,functions_intersected,unmatched_braces,fragment2,path,startline,endline,lines,prettylines,tokens,functions_intersected,unmatched_braces
27364777,,,,0.961749,1,1,833988,pdfsam-gui/src/main/java/org/pdfsam/ui/dashboard/preference/PreferenceRadioButton.java,19,51,33,,183,0,0,833989,pdfsam-gui/src/main/java/org/pdfsam/ui/dashboard/preference/PreferenceCheckBox.java,19,51,33,,183,0,0
27364754,,,,0.90411,0.958904,0.958904,833918,pdfsam-rotate/src/main/java/org/pdfsam/rotate/RotateModule.java,92,102,11,,70,1,0,833956,pdfsam-split-by-bookmarks/src/main/java/org/pdfsam/splitbybookmarks/SplitByBookmarksModule.java,120,130,11,,73,0,0
21512841,,,,0.901408,0.957747,0.957747,495219,pdfsam-rotate/src/main/java/org/pdfsam/rotate/RotateModule.java,92,100,9,,68,1,0,495253,pdfsam-split-by-size/src/main/java/org/pdfsam/splitbysize/SplitBySizeModule.java,116,124,9,,71,1,0
21512781,,,,0.676471,0.735294,0.735294,495219,pdfsam-rotate/src/main/java/org/pdfsam/rotate/RotateModule.java,92,100,9,,68,1,0,495220,pdfsam-alternate-mix/src/main/java/org/pdfsam/alternatemix/AlternateMixModule.java,139,145,7,,50,1,0
21512817,,,,0.941176,1,1,495219,pdfsam-rotate/src/main/java/org/pdfsam/rotate/RotateModule.java,92,100,9,,68,1,0,495221,pdfsam-extract/src/main/java/org/pdfsam/extract/ExtractModule.java,96,104,9,,68,1,0
21512811,,,,0.779412,0.867647,0.867647,495219,pdfsam-rotate/src/main/java/org/pdfsam/rotate/RotateModule.java,92,100,9,,68,1,0,495237,pdfsam-merge/src/main/java/org/pdfsam/merge/MergeModule.java,104,111,8,,59,1,0
24061985,,,,1,1,1,597367,pdfsam-split-by-bookmarks/src/main/java/org/pdfsam/splitbybookmarks/SplitByBookmarksModule.java,142,155,14,,69,0,1,597369,pdfsam-simple-split/src/main/java/org/pdfsam/split/SplitModule.java,140,153,14,,69,0,1
24061984,,,,1,1,1,597367,pdfsam-split-by-bookmarks/src/main/java/org/pdfsam/splitbybookmarks/SplitByBookmarksModule.java,142,155,14,,69,0,1,597368,pdfsam-split-by-size/src/main/java/org/pdfsam/splitbysize/SplitBySizeModule.java,136,149,14,,69,1,1
24259578,,,,0.755814,0.755814,0.755814,681694,pdfsam-merge/src/main/java/org/pdfsam/merge/MergeSelectionPane.java,62,70,9,,67,0,2,681695,pdfsam-rotate/src/main/java/org/pdfsam/rotate/RotateSelectionPane.java,61,69,9,,86,0,2
24259534,,,,0.974359,1,1,681636,pdfsam-fx/src/main/java/org/pdfsam/ui/commons/Animations.java,65,68,4,,78,1,0,681637,pdfsam-fx/src/main/java/org/pdfsam/ui/commons/Animations.java,71,74,4,,78,1,0
27364757,,,,0.873016,0.952381,0.952381,833943,pdfsam-rotate/src/main/java/org/pdfsam/rotate/RotateParametersBuilder.java,92,98,7,,63,0,0,833960,pdfsam-simple-split/src/main/java/org/pdfsam/split/SplitByEveryRadioButton.java,104,110,7,,63,0,0
27364755,,,,0.84127,0.904762,0.904762,833943,pdfsam-rotate/src/main/java/org/pdfsam/rotate/RotateParametersBuilder.java,92,98,7,,63,0,0,833958,pdfsam-simple-split/src/main/java/org/pdfsam/split/SplitAfterRadioButton.java,101,107,7,,61,0,0
24259591,,,,0.961039,1,1,681706,pdfsam-fx/src/main/java/org/pdfsam/ui/commons/Animations.java,68,71,4,,77,1,0,681707,pdfsam-fx/src/main/java/org/pdfsam/ui/commons/Animations.java,74,77,4,,77,1,0
24259592,,,,0.884058,0.898551,0.898551,681708,pdfsam-fx/src/main/java/org/pdfsam/ui/selection/multiple/move/MoveType.java,37,40,4,,63,0,2,681709,pdfsam-fx/src/main/java/org/pdfsam/ui/selection/multiple/move/MoveType.java,82,85,4,,69,0,2
27364756,,,,0.873016,0.952381,0.952381,833943,pdfsam-rotate/src/main/java/org/pdfsam/rotate/RotateParametersBuilder.java,92,98,7,,63,0,0,833959,pdfsam-simple-split/src/main/java/org/pdfsam/split/SplitAfterPredefinedSetOfPagesRadioButton.java,99,105,7,,63,0,0
24259551,,,,1,1,1,681654,pdfsam-extract/src/main/java/org/pdfsam/extract/ExtractModule.java,130,137,8,,64,1,1,681655,pdfsam-rotate/src/main/java/org/pdfsam/rotate/RotateModule.java,121,128,8,,64,1,1
21512820,,,,0.423077,0.519231,0.519231,495230,pdfsam-core/src/main/java/org/pdfsam/support/validation/PositiveIntegerStringValidator.java,30,37,8,,32,1,0,495244,pdfsam-core/src/main/java/org/pdfsam/support/params/ConversionUtils.java,82,88,7,,52,1,0
21512793,,,,0.590909,0.681818,0.681818,495230,pdfsam-core/src/main/java/org/pdfsam/support/validation/PositiveIntegerStringValidator.java,30,37,8,,32,1,0,495231,pdfsam-core/src/main/java/org/pdfsam/support/filter/FileFilterType.java,80,86,7,,44,1,0
21512792,,,,0.415094,0.622642,0.622642,495228,pdfsam-core/src/main/java/org/pdfsam/support/XmlUtils.java,39,47,9,,53,1,0,495229,pdfsam-core/src/main/java/org/pdfsam/support/filter/FileFilterType.java,60,68,9,,41,1,0
24061965,,,,1,1,1,597337,pdfsam-simple-split/src/main/java/org/pdfsam/split/SplitModule.java,173,180,8,,65,0,1,597339,pdfsam-split-by-bookmarks/src/main/java/org/pdfsam/splitbybookmarks/SplitByBookmarksModule.java,180,187,8,,65,0,1
24061966,,,,1,1,1,597337,pdfsam-simple-split/src/main/java/org/pdfsam/split/SplitModule.java,173,180,8,,65,0,1,597340,pdfsam-extract/src/main/java/org/pdfsam/extract/ExtractModule.java,170,177,8,,65,1,1
24061967,,,,1,1,1,597337,pdfsam-simple-split/src/main/java/org/pdfsam/split/SplitModule.java,173,180,8,,65,0,1,597341,pdfsam-rotate/src/main/java/org/pdfsam/rotate/RotateModule.java,162,169,8,,65,1,1
24061964,,,,1,1,1,597337,pdfsam-simple-split/src/main/java/org/pdfsam/split/SplitModule.java,173,180,8,,65,0,1,597338,pdfsam-split-by-size/src/main/java/org/pdfsam/splitbysize/SplitBySizeModule.java,171,178,8,,65,1,1
27364716,,,,0.839286,0.946429,0.946429,833909,pdfsam-alternate-mix/src/main/java/org/pdfsam/alternatemix/AlternateMixModule.java,135,143,9,,56,2,0,833910,pdfsam-merge/src/main/java/org/pdfsam/merge/MergeModule.java,100,108,9,,56,2,0
27364725,,,,0.84127,0.849206,0.849206,833922,pdfsam-split-by-size/src/main/java/org/pdfsam/splitbysize/SplitBySizeModule.java,94,115,22,,108,1,1,833923,pdfsam-split-by-bookmarks/src/main/java/org/pdfsam/splitbybookmarks/SplitByBookmarksModule.java,92,114,23,,126,0,1
27364767,,,,0.932203,0.966102,0.966102,833941,pdfsam-split-by-bookmarks/src/main/java/org/pdfsam/splitbybookmarks/SplitByOutlineLevelParametersBuilder.java,49,57,9,,57,1,2,833973,pdfsam-simple-split/src/main/java/org/pdfsam/split/SplitAfterPredefinedSetOfPagesRadioButton.java,102,110,9,,59,0,2
27364764,,,,0.932203,0.966102,0.966102,833941,pdfsam-split-by-bookmarks/src/main/java/org/pdfsam/splitbybookmarks/SplitByOutlineLevelParametersBuilder.java,49,57,9,,57,1,2,833969,pdfsam-simple-split/src/main/java/org/pdfsam/split/SplitByEveryRadioButton.java,107,115,9,,59,0,2
27364795,,,,0.958904,0.965753,0.965753,834013,pdfsam-fx/src/main/java/org/pdfsam/ui/io/BrowsableDirectoryField.java,88,106,19,,141,0,0,834014,pdfsam-fx/src/main/java/org/pdfsam/ui/io/BrowsableFileField.java,126,144,19,,146,0,0
28820976,,,,0.328125,0.546875,0.546875,1276736,pdfsam-fx/src/main/java/org/pdfsam/ui/selection/multiple/SelectionTableRowData.java,50,57,8,,64,1,0,1276737,pdfsam-service/src/main/java/org/pdfsam/module/ModuleUsage.java,70,76,7,,44,1,0
27364768,,,,0.932203,0.966102,0.966102,833941,pdfsam-split-by-bookmarks/src/main/java/org/pdfsam/splitbybookmarks/SplitByOutlineLevelParametersBuilder.java,49,57,9,,57,1,2,833974,pdfsam-simple-split/src/main/java/org/pdfsam/split/SplitAfterRadioButton.java,104,112,9,,59,0,2
24259561,,,,0.941176,0.964706,0.964706,681669,pdfsam-simple-split/src/main/java/org/pdfsam/split/SplitAfterRadioButton.java,101,111,11,,83,0,1,681670,pdfsam-simple-split/src/main/java/org/pdfsam/split/SplitByEveryRadioButton.java,104,114,11,,85,0,1
24259562,,,,0.941176,0.964706,0.964706,681669,pdfsam-simple-split/src/main/java/org/pdfsam/split/SplitAfterRadioButton.java,101,111,11,,83,0,1,681671,pdfsam-split-by-size/src/main/java/org/pdfsam/splitbysize/SplitBySizeParametersBuilder.java,40,50,11,,85,1,1
24062001,,,,1,1,1,597395,pdfsam-simple-split/src/main/java/org/pdfsam/split/SplitModule.java,130,154,25,,139,0,1,597396,pdfsam-split-by-size/src/main/java/org/pdfsam/splitbysize/SplitBySizeModule.java,126,150,25,,139,1,1
21512814,,,,0.325,0.46875,0.46875,495238,pdfsam-merge/src/main/java/org/pdfsam/merge/MergeModule.java,114,123,10,,81,1,0,495240,pdfsam-gui/src/main/java/org/pdfsam/ui/notification/NotificationsController.java,125,141,17,,160,1,0
21512813,,,,0.814815,0.82716,0.82716,495238,pdfsam-merge/src/main/java/org/pdfsam/merge/MergeModule.java,114,123,10,,81,1,0,495239,pdfsam-alternate-mix/src/main/java/org/pdfsam/alternatemix/AlternateMixModule.java,117,125,9,,67,1,0
21512848,,,,0.656716,0.776119,0.776119,495256,pdfsam-service/src/main/java/org/pdfsam/ui/DefaultStageService.java,48,56,9,,67,1,0,495257,pdfsam-service/src/main/java/org/pdfsam/ui/DefaultStageService.java,73,81,9,,52,1,0
21512854,,,,0.641791,0.776119,0.776119,495256,pdfsam-service/src/main/java/org/pdfsam/ui/DefaultStageService.java,48,56,9,,67,1,0,495262,pdfsam-service/src/main/java/org/pdfsam/news/DefaultNewsService.java,93,101,9,,52,1,0
27364747,,,,0.738636,0.784091,0.784091,833952,pdfsam-extract/src/main/java/org/pdfsam/extract/ExtractModule.java,103,116,14,,70,2,0,833953,pdfsam-split-by-bookmarks/src/main/java/org/pdfsam/splitbybookmarks/SplitByBookmarksModule.java,92,106,15,,88,0,0
27364766,,,,0.954023,0.965517,0.965517,833968,pdfsam-simple-split/src/main/java/org/pdfsam/split/SplitAfterRadioButton.java,101,113,13,,85,0,3,833972,pdfsam-simple-split/src/main/java/org/pdfsam/split/SplitAfterPredefinedSetOfPagesRadioButton.java,99,111,13,,87,0,3
28820974,,,,0.672414,0.672414,0.672414,1276732,pdfsam-gui/src/main/java/org/pdfsam/ui/dialog/CreateOutputDirectoryDialogController.java,54,63,10,,58,1,0,1276733,pdfsam-gui/src/main/java/org/pdfsam/ui/dialog/CreateOutputDirectoryDialogController.java,55,60,6,,39,1,1
24259543,,,,0.931035,0.965517,0.965517,681645,pdfsam-simple-split/src/main/java/org/pdfsam/split/SplitAfterRadioButton.java,104,111,8,,58,0,1,681647,pdfsam-split-by-bookmarks/src/main/java/org/pdfsam/splitbybookmarks/SplitByOutlineLevelParametersBuilder.java,49,56,8,,56,1,1
24259542,,,,1,1,1,681645,pdfsam-simple-split/src/main/java/org/pdfsam/split/SplitAfterRadioButton.java,104,111,8,,58,0,1,681646,pdfsam-simple-split/src/main/java/org/pdfsam/split/SplitByEveryRadioButton.java,107,114,8,,58,0,1
24259544,,,,1,1,1,681645,pdfsam-simple-split/src/main/java/org/pdfsam/split/SplitAfterRadioButton.java,104,111,8,,58,0,1,681648,pdfsam-split-by-size/src/main/java/org/pdfsam/splitbysize/SplitBySizeParametersBuilder.java,43,50,8,,58,1,1
27364749,,,,0.90411,0.958904,0.958904,833919,pdfsam-extract/src/main/java/org/pdfsam/extract/ExtractModule.java,96,106,11,,70,1,0,833956,pdfsam-split-by-bookmarks/src/main/java/org/pdfsam/splitbybookmarks/SplitByBookmarksModule.java,120,130,11,,73,0,0
21512802,,,,0.536232,0.565217,0.565217,495235,pdfsam-split-by-size/src/main/java/org/pdfsam/splitbysize/SplitBySizeModule.java,83,90,8,,69,1,0,495236,pdfsam-alternate-mix/src/main/java/org/pdfsam/alternatemix/AlternateMixModule.java,75,80,6,,39,1,0
27364744,,,,0.865854,0.878049,0.878049,833901,pdfsam-split-by-bookmarks/src/main/java/org/pdfsam/splitbybookmarks/SplitByBookmarksModule.java,177,190,14,,72,0,3,833915,pdfsam-extract/src/main/java/org/pdfsam/extract/ExtractModule.java,167,181,15,,82,1,3
27364769,,,,0.76087,0.858696,0.858696,833975,pdfsam-core/src/main/java/org/pdfsam/task/PdfRotationInput.java,89,101,13,,92,0,0,833976,pdfsam-core/src/main/java/org/pdfsam/support/LocaleKeyValueItem.java,61,73,13,,84,2,0
27364751,,,,0.8875,0.9,0.9,833901,pdfsam-split-by-bookmarks/src/main/java/org/pdfsam/splitbybookmarks/SplitByBookmarksModule.java,177,190,14,,72,0,3,833914,pdfsam-rotate/src/main/java/org/pdfsam/rotate/RotateModule.java,159,173,15,,80,1,3
27364737,,,,0.875,0.9,0.9,833901,pdfsam-split-by-bookmarks/src/main/java/org/pdfsam/splitbybookmarks/SplitByBookmarksModule.java,177,190,14,,72,0,3,833916,pdfsam-merge/src/main/java/org/pdfsam/merge/MergeModule.java,146,159,14,,80,1,3
27364729,,,,0.803279,0.918033,0.918033,833929,pdfsam-split-by-size/src/main/java/org/pdfsam/splitbysize/SplitBySizeModule.java,94,106,13,,57,1,1,833930,pdfsam-simple-split/src/main/java/org/pdfsam/split/SplitModule.java,105,117,13,,61,0,1
24259582,,,,0.968254,1,1,681699,pdfsam-simple-split/src/main/java/org/pdfsam/split/SplitAfterRadioButton.java,79,81,3,,63,0,1,681700,pdfsam-simple-split/src/main/java/org/pdfsam/split/SplitByEveryRadioButton.java,77,79,3,,63,0,1
21512824,,,,0.672897,0.831776,0.831776,495208,pdfsam-core/src/main/java/org/pdfsam/ui/StageStatus.java,132,142,11,,107,1,0,495245,pdfsam-core/src/main/java/org/pdfsam/task/BulkRotateParameters.java,89,99,11,,89,1,0
21512773,,,,0.560748,0.607477,0.607477,495208,pdfsam-core/src/main/java/org/pdfsam/ui/StageStatus.java,132,142,11,,107,1,0,495209,pdfsam-core/src/main/java/org/pdfsam/support/LocaleKeyValueItem.java,65,74,10,,65,1,0
21512819,,,,0.542056,0.588785,0.588785,495208,pdfsam-core/src/main/java/org/pdfsam/ui/StageStatus.java,132,142,11,,107,1,0,495243,pdfsam-core/src/main/java/org/pdfsam/support/KeyStringValueItem.java,87,96,10,,69,1,0
24259556,,,,0.967391,1,1,681664,pdfsam-service/src/main/java/org/pdfsam/module/StatefulPreferencesUsageService.java,54,58,5,,92,0,0,681665,pdfsam-service/src/main/java/org/pdfsam/module/StatefulPreferencesUsageService.java,61,65,5,,92,0,0
27364739,,,,0.703704,0.753086,0.753086,833932,pdfsam-merge/src/main/java/org/pdfsam/merge/MergeModule.java,79,92,14,,62,2,0,833944,pdfsam-simple-split/src/main/java/org/pdfsam/split/SplitModule.java,91,104,14,,81,0,0
27364758,,,,0.855422,0.891566,0.891566,833961,pdfsam-simple-split/src/main/java/org/pdfsam/split/SplitModule.java,127,140,14,,83,0,0,833962,pdfsam-split-by-bookmarks/src/main/java/org/pdfsam/splitbybookmarks/SplitByBookmarksModule.java,127,139,13,,77,0,0
21512833,,,,0.979592,1,1,495223,pdfsam-rotate/src/main/java/org/pdfsam/rotate/RotateModule.java,103,109,7,,49,1,0,495224,pdfsam-extract/src/main/java/org/pdfsam/extract/ExtractModule.java,107,113,7,,49,1,0
24259557,,,,0.652632,0.652632,0.652632,681666,pdfsam-service/src/main/java/org/pdfsam/ui/WorkspaceController.java,66,70,5,,95,0,1,681667,pdfsam-service/src/main/java/org/pdfsam/ui/WorkspaceController.java,91,93,3,,63,0,1
24061989,,,,1,1,1,597374,pdfsam-fx/src/main/java/org/pdfsam/ui/selection/multiple/PageRangesColumn.java,69,77,9,,55,0,1,597375,pdfsam-fx/src/main/java/org/pdfsam/ui/selection/multiple/PaceColumn.java,60,68,9,,55,0,1
21512808,,,,0.693878,0.857143,0.857143,495223,pdfsam-rotate/src/main/java/org/pdfsam/rotate/RotateModule.java,103,109,7,,49,1,0,495225,pdfsam-merge/src/main/java/org/pdfsam/merge/MergeModule.java,96,101,6,,42,1,0
24259558,,,,0.952941,0.964706,0.964706,681668,pdfsam-simple-split/src/main/java/org/pdfsam/split/SplitAfterPredefinedSetOfPagesRadioButton.java,99,109,11,,85,0,1,681669,pdfsam-simple-split/src/main/java/org/pdfsam/split/SplitAfterRadioButton.java,101,111,11,,83,0,1
24259559,,,,0.964706,1,1,681668,pdfsam-simple-split/src/main/java/org/pdfsam/split/SplitAfterPredefinedSetOfPagesRadioButton.java,99,109,11,,85,0,1,681670,pdfsam-simple-split/src/main/java/org/pdfsam/split/SplitByEveryRadioButton.java,104,114,11,,85,0,1
24259560,,,,0.964706,1,1,681668,pdfsam-simple-split/src/main/java/org/pdfsam/split/SplitAfterPredefinedSetOfPagesRadioButton.java,99,109,11,,85,0,1,681671,pdfsam-split-by-size/src/main/java/org/pdfsam/splitbysize/SplitBySizeParametersBuilder.java,40,50,11,,85,1,1
24259594,,,,0.797101,0.826087,0.826087,681712,pdfsam-fx/src/main/java/org/pdfsam/ui/selection/multiple/SelectionTable.java,214,224,11,,138,0,0,681713,pdfsam-fx/src/main/java/org/pdfsam/ui/selection/single/SingleSelectionPane.java,277,286,10,,118,0,0
24259528,,,,1,1,1,681630,pdfsam-split-by-bookmarks/src/main/java/org/pdfsam/splitbybookmarks/SplitByBookmarksModule.java,131,138,8,,62,0,1,681631,pdfsam-split-by-size/src/main/java/org/pdfsam/splitbysize/SplitBySizeModule.java,127,134,8,,62,1,1
24259587,,,,0.974026,1,1,681704,pdfsam-fx/src/main/java/org/pdfsam/ui/commons/Animations.java,56,59,4,,77,1,0,681706,pdfsam-fx/src/main/java/org/pdfsam/ui/commons/Animations.java,68,71,4,,77,1,0
24259586,,,,0.974026,1,1,681704,pdfsam-fx/src/main/java/org/pdfsam/ui/commons/Animations.java,56,59,4,,77,1,0,681705,pdfsam-fx/src/main/java/org/pdfsam/ui/commons/Animations.java,62,65,4,,77,1,0
24259588,,,,0.961039,1,1,681704,pdfsam-fx/src/main/java/org/pdfsam/ui/commons/Animations.java,56,59,4,,77,1,0,681707,pdfsam-fx/src/main/java/org/pdfsam/ui/commons/Animations.java,74,77,4,,77,1,0
27364793,,,,0.914634,0.987805,0.987805,834009,pdfsam-fx/src/main/java/org/pdfsam/ui/selection/PasswordFieldPopupSkin.java,31,46,16,,81,1,2,834010,pdfsam-fx/src/main/java/org/pdfsam/ui/help/HelpPopupSkin.java,32,47,16,,82,0,2
24259589,,,,0.974026,1,1,681705,pdfsam-fx/src/main/java/org/pdfsam/ui/commons/Animations.java,62,65,4,,77,1,0,681706,pdfsam-fx/src/main/java/org/pdfsam/ui/commons/Animations.java,68,71,4,,77,1,0
27364730,,,,0.823529,0.897059,0.897059,833931,pdfsam-split-by-size/src/main/java/org/pdfsam/splitbysize/SplitBySizeModule.java,89,102,14,,68,2,0,833932,pdfsam-merge/src/main/java/org/pdfsam/merge/MergeModule.java,79,92,14,,62,2,0
24259590,,,,0.961039,1,1,681705,pdfsam-fx/src/main/java/org/pdfsam/ui/commons/Animations.java,62,65,4,,77,1,0,681707,pdfsam-fx/src/main/java/org/pdfsam/ui/commons/Animations.java,74,77,4,,77,1,0
28820978,,,,0.743902,0.780488,0.780488,495260,pdfsam-fx/src/main/java/org/pdfsam/ui/io/BrowsablePdfInputField.java,52,59,8,,82,1,0,1276740,pdfsam-fx/src/main/java/org/pdfsam/ui/selection/single/TaskParametersBuilderSingleSelectionPane.java,44,51,8,,72,1,0
21512851,,,,0.951219,1,1,495260,pdfsam-fx/src/main/java/org/pdfsam/ui/io/BrowsablePdfInputField.java,52,59,8,,82,1,0,495261,pdfsam-fx/src/main/java/org/pdfsam/ui/io/BrowsablePdfOutputField.java,47,54,8,,82,1,0
27364718,,,,0.968504,0.976378,0.976378,833911,pdfsam-split-by-size/src/main/java/org/pdfsam/splitbysize/SplitBySizeModule.java,160,181,22,,124,1,3,833913,pdfsam-simple-split/src/main/java/org/pdfsam/split/SplitModule.java,162,183,22,,127,0,3
27364717,,,,0.968504,0.976378,0.976378,833911,pdfsam-split-by-size/src/main/java/org/pdfsam/splitbysize/SplitBySizeModule.java,160,181,22,,124,1,3,833912,pdfsam-split-by-bookmarks/src/main/java/org/pdfsam/splitbybookmarks/SplitByBookmarksModule.java,169,190,22,,127,0,3
24259585,,,,0.930435,0.973913,0.973913,681702,pdfsam-gui/src/main/java/org/pdfsam/ui/info/InfoStage.java,49,58,10,,112,1,1,681703,pdfsam-gui/src/main/java/org/pdfsam/ui/log/LogStage.java,55,64,10,,115,0,1
21512771,,,,0.428571,0.734694,0.734694,495205,pdfsam-fx/src/main/java/org/pdfsam/ui/notification/AddNotificationRequestEvent.java,35,41,7,,46,1,0,495206,pdfsam-core/src/main/java/org/pdfsam/ui/StageStatus.java,72,78,7,,49,1,0
21512783,,,,0.54717,0.867925,0.867925,495205,pdfsam-fx/src/main/java/org/pdfsam/ui/notification/AddNotificationRequestEvent.java,35,41,7,,46,1,0,495222,pdfsam-community/src/main/java/org/pdfsam/community/PdfsamCommunity.java,38,45,8,,53,1,0
21512775,,,,0.5,0.804348,0.804348,495205,pdfsam-fx/src/main/java/org/pdfsam/ui/notification/AddNotificationRequestEvent.java,35,41,7,,46,1,0,495212,pdfsam-fx/src/main/java/org/pdfsam/ui/selection/ShowPasswordFieldPopupRequest.java,37,42,6,,37,1,0
21512794,,,,0.586957,0.978261,0.978261,495205,pdfsam-fx/src/main/java/org/pdfsam/ui/notification/AddNotificationRequestEvent.java,35,41,7,,46,1,0,495232,pdfsam-gui/src/main/java/org/pdfsam/ui/dashboard/preference/PreferenceSetterOnValidState.java,44,50,7,,45,1,0
21512836,,,,0.509804,0.764706,0.764706,495205,pdfsam-fx/src/main/java/org/pdfsam/ui/notification/AddNotificationRequestEvent.java,35,41,7,,46,1,0,495214,pdfsam-gui/src/main/java/org/pdfsam/sound/PlaySoundController.java,47,54,8,,51,1,0
21512850,,,,0.521739,0.804348,0.804348,495205,pdfsam-fx/src/main/java/org/pdfsam/ui/notification/AddNotificationRequestEvent.java,35,41,7,,46,1,0,495213,pdfsam-core/src/main/java/org/pdfsam/module/TaskExecutionRequestEvent.java,43,48,6,,40,1,0
21512835,,,,0.347826,0.608696,0.608696,495205,pdfsam-fx/src/main/java/org/pdfsam/ui/notification/AddNotificationRequestEvent.java,35,41,7,,46,1,0,495207,pdfsam-gui/src/main/java/org/pdfsam/ui/notification/NotificationsController.java,68,74,7,,38,1,0
27364779,,,,0.818182,0.87013,0.87013,833992,pdfsam-fx/src/main/java/org/pdfsam/ui/selection/multiple/SelectionTable.java,334,345,12,,77,0,0,833993,pdfsam-fx/src/main/java/org/pdfsam/ui/io/BrowsableFileField.java,132,143,12,,72,0,1
27364714,,,,0.859375,0.9375,0.9375,833906,pdfsam-alternate-mix/src/main/java/org/pdfsam/alternatemix/AlternateMixModule.java,144,156,13,,60,2,1,833907,pdfsam-split-by-bookmarks/src/main/java/org/pdfsam/splitbybookmarks/SplitByBookmarksModule.java,162,174,13,,64,0,1
27364715,,,,0.859375,0.9375,0.9375,833906,pdfsam-alternate-mix/src/main/java/org/pdfsam/alternatemix/AlternateMixModule.java,144,156,13,,60,2,1,833908,pdfsam-simple-split/src/main/java/org/pdfsam/split/SplitModule.java,155,167,13,,64,0,1
27364780,,,,0.818182,0.87013,0.87013,833992,pdfsam-fx/src/main/java/org/pdfsam/ui/selection/multiple/SelectionTable.java,334,345,12,,77,0,0,833994,pdfsam-fx/src/main/java/org/pdfsam/ui/io/BrowsableDirectoryField.java,94,105,12,,72,0,1
24061977,,,,1,1,1,597357,pdfsam-core/src/main/java/org/pdfsam/support/CircularLinkedList.java,36,46,11,,43,2,0,597358,pdfsam-fx/src/main/java/org/pdfsam/ui/support/CircularObservableList.java,40,50,11,,43,2,0
24259580,,,,0.802632,0.815789,0.815789,681696,pdfsam-fx/src/main/java/org/pdfsam/ui/commons/ValidableTextField.java,194,196,3,,76,0,0,681698,pdfsam-fx/src/main/java/org/pdfsam/ui/selection/single/SingleSelectionPane.java,216,218,3,,65,0,0
24259579,,,,0.828947,0.855263,0.855263,681696,pdfsam-fx/src/main/java/org/pdfsam/ui/commons/ValidableTextField.java,194,196,3,,76,0,0,681697,pdfsam-fx/src/main/java/org/pdfsam/ui/selection/multiple/SelectionTable.java,434,436,3,,69,0,0
24259535,,,,0.972973,1,1,681638,pdfsam-gui/src/main/java/org/pdfsam/ui/dashboard/preference/PreferenceCheckBox.java,40,47,8,,74,0,2,681639,pdfsam-gui/src/main/java/org/pdfsam/ui/dashboard/preference/PreferenceRadioButton.java,39,46,8,,74,0,2
24061963,,,,1,1,1,597334,pdfsam-merge/src/main/java/org/pdfsam/merge/MergeModule.java,146,155,10,,66,2,0,597336,pdfsam-rotate/src/main/java/org/pdfsam/rotate/RotateModule.java,159,168,10,,66,2,0
21512809,,,,0.693878,0.857143,0.857143,495224,pdfsam-extract/src/main/java/org/pdfsam/extract/ExtractModule.java,107,113,7,,49,1,0,495225,pdfsam-merge/src/main/java/org/pdfsam/merge/MergeModule.java,96,101,6,,42,1,0
24061962,,,,1,1,1,597334,pdfsam-merge/src/main/java/org/pdfsam/merge/MergeModule.java,146,155,10,,66,2,0,597335,pdfsam-alternate-mix/src/main/java/org/pdfsam/alternatemix/AlternateMixModule.java,157,166,10,,66,2,0
24259577,,,,0.868132,0.879121,0.879121,681693,pdfsam-extract/src/main/java/org/pdfsam/extract/ExtractSelectionPane.java,54,62,9,,91,0,2,681695,pdfsam-rotate/src/main/java/org/pdfsam/rotate/RotateSelectionPane.java,61,69,9,,86,0,2
24259576,,,,0.703297,0.714286,0.714286,681693,pdfsam-extract/src/main/java/org/pdfsam/extract/ExtractSelectionPane.java,54,62,9,,91,0,2,681694,pdfsam-merge/src/main/java/org/pdfsam/merge/MergeSelectionPane.java,62,70,9,,67,0,2
24259563,,,,0.964706,1,1,681670,pdfsam-simple-split/src/main/java/org/pdfsam/split/SplitByEveryRadioButton.java,104,114,11,,85,0,1,681671,pdfsam-split-by-size/src/main/java/org/pdfsam/splitbysize/SplitBySizeParametersBuilder.java,40,50,11,,85,1,1
28820977,,,,0.327434,0.548673,0.548673,1276738,pdfsam-core/src/main/java/org/pdfsam/ui/workspace/SaveWorkspaceEvent.java,74,84,11,,78,1,0,1276739,pdfsam-fx/src/main/java/org/pdfsam/ui/selection/multiple/ReverseColumn.java,42,56,15,,113,1,0
27364710,,,,0.875,0.9,0.9,833900,pdfsam-alternate-mix/src/main/java/org/pdfsam/alternatemix/AlternateMixModule.java,157,171,15,,80,1,3,833901,pdfsam-split-by-bookmarks/src/main/java/org/pdfsam/splitbybookmarks/SplitByBookmarksModule.java,177,190,14,,72,0,3
27364712,,,,0.875,0.9,0.9,833900,pdfsam-alternate-mix/src/main/java/org/pdfsam/alternatemix/AlternateMixModule.java,157,171,15,,80,1,3,833903,pdfsam-split-by-size/src/main/java/org/pdfsam/splitbysize/SplitBySizeModule.java,168,181,14,,72,1,3
27364734,,,,0.94186,0.965116,0.965116,833938,pdfsam-split-by-size/src/main/java/org/pdfsam/splitbysize/SplitBySizeParametersBuilder.java,40,51,12,,86,1,2,833939,pdfsam-simple-split/src/main/java/org/pdfsam/split/SplitAfterRadioButton.java,101,112,12,,84,0,2
24061996,,,,1,1,1,597386,pdfsam-rotate/src/main/java/org/pdfsam/rotate/RotateModule.java,115,128,14,,88,2,0,597387,pdfsam-extract/src/main/java/org/pdfsam/extract/ExtractModule.java,124,137,14,,88,2,0
27364711,,,,0.875,0.9,0.9,833900,pdfsam-alternate-mix/src/main/java/org/pdfsam/alternatemix/AlternateMixModule.java,157,171,15,,80,1,3,833902,pdfsam-simple-split/src/main/java/org/pdfsam/split/SplitModule.java,170,183,14,,72,0,3
21512825,,,,0.380952,0.619048,0.619048,495236,pdfsam-alternate-mix/src/main/java/org/pdfsam/alternatemix/AlternateMixModule.java,75,80,6,,39,1,0,495246,pdfsam-core/src/main/java/org/pdfsam/support/validation/PositiveIntRangeStringValidator.java,34,39,6,,42,1,0
24259549,,,,0.802817,0.830986,0.830986,681650,pdfsam-core/src/main/java/org/pdfsam/support/io/ObjectCollectionWriter.java,59,65,7,,66,0,0,681651,pdfsam-core/src/main/java/org/pdfsam/support/io/ObjectCollectionWriter.java,71,78,8,,71,0,0
24061968,,,,1,1,1,597342,pdfsam-core/src/main/java/org/pdfsam/support/params/SinglePdfSourceMultipleOutputParametersBuilder.java,45,52,8,,33,1,1,597343,pdfsam-rotate/src/main/java/org/pdfsam/rotate/RotateParametersBuilder.java,63,70,8,,33,0,1
27364765,,,,0.913793,0.965517,0.965517,833970,pdfsam-simple-split/src/main/java/org/pdfsam/split/SplitByEveryRadioButton.java,19,26,8,,58,0,0,833971,pdfsam-simple-split/src/main/java/org/pdfsam/split/SplitAfterRadioButton.java,19,26,8,,56,0,0
27364778,,,,0.883721,0.906977,0.906977,833990,pdfsam-fx/src/main/java/org/pdfsam/ui/selection/single/SingleSelectionPane.java,216,219,4,,78,0,0,833991,pdfsam-fx/src/main/java/org/pdfsam/ui/selection/multiple/SelectionTable.java,434,437,4,,86,0,0
24259547,,,,0.931035,0.965517,0.965517,681647,pdfsam-split-by-bookmarks/src/main/java/org/pdfsam/splitbybookmarks/SplitByOutlineLevelParametersBuilder.java,49,56,8,,56,1,1,681648,pdfsam-split-by-size/src/main/java/org/pdfsam/splitbysize/SplitBySizeParametersBuilder.java,43,50,8,,58,1,1
27364792,,,,0.797297,0.918919,0.918919,681691,pdfsam-fx/src/main/java/org/pdfsam/ui/selection/multiple/PaceColumn.java,75,79,5,,74,0,3,834000,pdfsam-fx/src/main/java/org/pdfsam/ui/selection/multiple/SelectionTableColumn.java,51,55,5,,73,0,4
24259575,,,,0.905405,0.918919,0.918919,681691,pdfsam-fx/src/main/java/org/pdfsam/ui/selection/multiple/PaceColumn.java,75,79,5,,74,0,3,681692,pdfsam-fx/src/main/java/org/pdfsam/ui/selection/multiple/PageRangesColumn.java,84,88,5,,69,0,3
21512821,,,,0.423077,0.596154,0.596154,495231,pdfsam-core/src/main/java/org/pdfsam/support/filter/FileFilterType.java,80,86,7,,44,1,0,495244,pdfsam-core/src/main/java/org/pdfsam/support/params/ConversionUtils.java,82,88,7,,52,1,0
24062000,,,,1,1,1,597393,pdfsam-alternate-mix/src/main/java/org/pdfsam/alternatemix/AlternateMixModule.java,147,167,21,,133,1,2,597394,pdfsam-merge/src/main/java/org/pdfsam/merge/MergeModule.java,136,156,21,,133,1,2
24062002,,,,1,1,1,597397,pdfsam-split-by-bookmarks/src/main/java/org/pdfsam/splitbybookmarks/SplitByBookmarksModule.java,96,114,19,,104,0,0,597398,pdfsam-split-by-size/src/main/java/org/pdfsam/splitbysize/SplitBySizeModule.java,97,115,19,,104,0,0
24062003,,,,1,1,1,597397,pdfsam-split-by-bookmarks/src/main/java/org/pdfsam/splitbybookmarks/SplitByBookmarksModule.java,96,114,19,,104,0,0,597399,pdfsam-simple-split/src/main/java/org/pdfsam/split/SplitModule.java,99,117,19,,104,0,0
24259548,,,,1,1,1,495254,pdfsam-split-by-size/src/main/java/org/pdfsam/splitbysize/SplitBySizeModule.java,127,141,15,,115,1,0,681649,pdfsam-simple-split/src/main/java/org/pdfsam/split/SplitModule.java,131,145,15,,115,0,0
21512826,,,,0.2625,0.39375,0.39375,495239,pdfsam-alternate-mix/src/main/java/org/pdfsam/alternatemix/AlternateMixModule.java,117,125,9,,67,1,0,495240,pdfsam-gui/src/main/java/org/pdfsam/ui/notification/NotificationsController.java,125,141,17,,160,1,0
27364794,,,,0.952381,1,1,834011,pdfsam-fx/src/main/java/org/pdfsam/ui/commons/ClosePane.java,19,27,9,,63,0,0,834012,pdfsam-fx/src/main/java/org/pdfsam/ui/commons/HidingPane.java,19,27,9,,63,0,0
21512815,,,,0.887755,0.928571,0.928571,495241,pdfsam-split-by-bookmarks/src/main/java/org/pdfsam/splitbybookmarks/SplitByOutlineLevelParametersBuilder.java,44,56,13,,98,1,0,495242,pdfsam-split-by-size/src/main/java/org/pdfsam/splitbysize/SplitBySizeParametersBuilder.java,39,50,12,,91,1,0
27364775,,,,0.783133,0.843373,0.843373,833984,pdfsam-gui/src/main/java/org/pdfsam/ui/info/KeywordsTab.java,65,75,11,,83,0,0,833985,pdfsam-gui/src/main/java/org/pdfsam/ui/info/SummaryTab.java,92,102,11,,78,0,0
27364790,,,,0.90625,0.989583,0.989583,834007,pdfsam-fx/src/main/java/org/pdfsam/ui/selection/multiple/FileColumn.java,59,66,8,,96,0,5,834008,pdfsam-fx/src/main/java/org/pdfsam/ui/selection/multiple/SelectionTableColumn.java,51,58,8,,96,0,5
21512800,,,,0.408163,0.714286,0.714286,495206,pdfsam-core/src/main/java/org/pdfsam/ui/StageStatus.java,72,78,7,,49,1,0,495232,pdfsam-gui/src/main/java/org/pdfsam/ui/dashboard/preference/PreferenceSetterOnValidState.java,44,50,7,,45,1,0
21512772,,,,0.428571,0.693878,0.693878,495206,pdfsam-core/src/main/java/org/pdfsam/ui/StageStatus.java,72,78,7,,49,1,0,495207,pdfsam-gui/src/main/java/org/pdfsam/ui/notification/NotificationsController.java,68,74,7,,38,1,0
28820975,,,,0.463768,0.724638,0.724638,1276734,pdfsam-split-by-bookmarks/src/main/java/org/pdfsam/splitbybookmarks/SplitOptionsPane.java,77,82,6,,56,1,0,1276735,pdfsam-gui/src/main/java/org/pdfsam/ui/notification/NotificationsController.java,81,89,9,,69,1,0
27364761,,,,0.757143,0.871429,0.871429,833928,pdfsam-split-by-bookmarks/src/main/java/org/pdfsam/splitbybookmarks/SplitByBookmarksModule.java,102,115,14,,67,0,0,833964,pdfsam-simple-split/src/main/java/org/pdfsam/split/SplitModule.java,96,109,14,,70,0,0
27364735,,,,0.932203,0.966102,0.966102,833940,pdfsam-split-by-size/src/main/java/org/pdfsam/splitbysize/SplitBySizeParametersBuilder.java,43,51,9,,59,1,2,833941,pdfsam-split-by-bookmarks/src/main/java/org/pdfsam/splitbybookmarks/SplitByOutlineLevelParametersBuilder.java,49,57,9,,57,1,2
24061975,,,,0.955556,0.955556,0.955556,597353,pdfsam-fx/src/main/java/org/pdfsam/ui/io/RememberingLatestFileChooserWrapper.java,41,50,10,,43,2,0,597354,pdfsam-fx/src/main/java/org/pdfsam/ui/io/RememberingLatestDirectoryChooserWrapper.java,38,47,10,,45,2,0
21512830,,,,0.931373,0.970588,0.970588,495247,pdfsam-gui/src/main/java/org/pdfsam/ui/dialog/OverwriteDialogController.java,73,85,13,,102,2,0,495250,pdfsam-gui/src/main/java/org/pdfsam/ui/dialog/OverwriteDialogController.java,90,102,13,,99,2,0
21512828,,,,0.87963,0.925926,0.925926,495247,pdfsam-gui/src/main/java/org/pdfsam/ui/dialog/OverwriteDialogController.java,73,85,13,,102,2,0,495248,pdfsam-gui/src/main/java/org/pdfsam/ui/dialog/OverwriteDialogController.java,89,103,15,,108,2,0
21512801,,,,0.737705,0.803279,0.803279,495233,pdfsam-gui/src/main/java/org/pdfsam/ui/dashboard/preference/PreferenceBrowsableFileField.java,38,45,8,,56,1,0,495234,pdfsam-gui/src/main/java/org/pdfsam/ui/dashboard/preference/PreferenceBrowsableDirectoryField.java,37,43,7,,61,1,0
24062005,,,,1,1,1,597402,pdfsam-split-by-size/src/main/java/org/pdfsam/splitbysize/SplitBySizeModule.java,92,115,24,,116,0,0,597403,pdfsam-simple-split/src/main/java/org/pdfsam/split/SplitModule.java,94,117,24,,116,0,0
27364781,,,,0.743363,0.778761,0.778761,833995,pdfsam-fx/src/main/java/org/pdfsam/ui/selection/multiple/PageRangesColumn.java,79,88,10,,113,0,2,833996,pdfsam-fx/src/main/java/org/pdfsam/ui/selection/multiple/PaceColumn.java,70,79,10,,96,0,2
24259522,,,,0.972603,1,1,681624,pdfsam-split-by-bookmarks/src/main/java/org/pdfsam/splitbybookmarks/SplitByBookmarksModule.java,69,77,9,,73,0,0,681625,pdfsam-split-by-size/src/main/java/org/pdfsam/splitbysize/SplitBySizeModule.java,68,76,9,,73,0,0
27364776,,,,0.898551,0.956522,0.956522,833986,pdfsam-gui/src/main/java/org/pdfsam/ui/dashboard/preference/PreferencePane.java,59,67,9,,66,2,1,833987,pdfsam-gui/src/main/java/org/pdfsam/ui/dashboard/about/AboutDashboardPane.java,125,133,9,,69,0,1
24061988,,,,1,1,1,597370,pdfsam-rotate/src/main/java/org/pdfsam/rotate/RotateModule.java,149,157,9,,52,1,1,597373,pdfsam-simple-split/src/main/java/org/pdfsam/split/SplitModule.java,158,166,9,,52,0,1
24061986,,,,1,1,1,597370,pdfsam-rotate/src/main/java/org/pdfsam/rotate/RotateModule.java,149,157,9,,52,1,1,597371,pdfsam-split-by-bookmarks/src/main/java/org/pdfsam/splitbybookmarks/SplitByBookmarksModule.java,165,173,9,,52,0,1
24061987,,,,1,1,1,597370,pdfsam-rotate/src/main/java/org/pdfsam/rotate/RotateModule.java,149,157,9,,52,1,1,597372,pdfsam-extract/src/main/java/org/pdfsam/extract/ExtractModule.java,157,165,9,,52,1,1
21512795,,,,0.509434,0.849057,0.849057,495222,pdfsam-community/src/main/java/org/pdfsam/community/PdfsamCommunity.java,38,45,8,,53,1,0,495232,pdfsam-gui/src/main/java/org/pdfsam/ui/dashboard/preference/PreferenceSetterOnValidState.java,44,50,7,,45,1,0
27364736,,,,0.873016,0.952381,0.952381,833942,pdfsam-split-by-size/src/main/java/org/pdfsam/splitbysize/SplitBySizeParametersBuilder.java,40,46,7,,63,1,0,833943,pdfsam-rotate/src/main/java/org/pdfsam/rotate/RotateParametersBuilder.java,92,98,7,,63,0,0
21512791,,,,0.852632,0.947368,0.947368,495226,pdfsam-gui/src/main/java/org/pdfsam/ui/notification/NotificationsController.java,114,123,10,,95,1,0,495227,pdfsam-gui/src/main/java/org/pdfsam/ui/notification/NotificationsController.java,149,158,10,,92,1,0
21512816,,,,0.877551,1,1,495215,pdfsam-rotate/src/main/java/org/pdfsam/rotate/RotateModule.java,112,118,7,,49,1,0,495223,pdfsam-rotate/src/main/java/org/pdfsam/rotate/RotateModule.java,103,109,7,,49,1,0
21512832,,,,0.857143,1,1,495215,pdfsam-rotate/src/main/java/org/pdfsam/rotate/RotateModule.java,112,118,7,,49,1,0,495224,pdfsam-extract/src/main/java/org/pdfsam/extract/ExtractModule.java,107,113,7,,49,1,0
21512803,,,,0.816327,1,1,495215,pdfsam-rotate/src/main/java/org/pdfsam/rotate/RotateModule.java,112,118,7,,49,1,0,495218,pdfsam-split-by-size/src/main/java/org/pdfsam/splitbysize/SplitBySizeModule.java,98,104,7,,49,1,0
21512786,,,,0.693878,0.857143,0.857143,495215,pdfsam-rotate/src/main/java/org/pdfsam/rotate/RotateModule.java,112,118,7,,49,1,0,495217,pdfsam-merge/src/main/java/org/pdfsam/merge/MergeModule.java,88,93,6,,42,1,0
21512778,,,,0.938776,1,1,495215,pdfsam-rotate/src/main/java/org/pdfsam/rotate/RotateModule.java,112,118,7,,49,1,0,495216,pdfsam-split-by-size/src/main/java/org/pdfsam/splitbysize/SplitBySizeModule.java,107,113,7,,49,1,0
21512789,,,,0.795918,0.857143,0.857143,495215,pdfsam-rotate/src/main/java/org/pdfsam/rotate/RotateModule.java,112,118,7,,49,1,0,495225,pdfsam-merge/src/main/java/org/pdfsam/merge/MergeModule.java,96,101,6,,42,1,0
24061961,,,,1,1,1,597331,pdfsam-split-by-size/src/main/java/org/pdfsam/splitbysize/SplitBySizeModule.java,70,75,6,,51,0,0,597333,pdfsam-simple-split/src/main/java/org/pdfsam/split/SplitModule.java,72,77,6,,51,0,0
24061960,,,,1,1,1,597331,pdfsam-split-by-size/src/main/java/org/pdfsam/splitbysize/SplitBySizeModule.java,70,75,6,,51,0,0,597332,pdfsam-split-by-bookmarks/src/main/java/org/pdfsam/splitbybookmarks/SplitByBookmarksModule.java,71,76,6,,51,0,0
21512846,,,,0.477612,0.597015,0.597015,495255,pdfsam-core/src/main/java/org/pdfsam/context/DefaultUserContext.java,124,132,9,,42,1,0,495256,pdfsam-service/src/main/java/org/pdfsam/ui/DefaultStageService.java,48,56,9,,67,1,0
21512847,,,,0.711538,0.769231,0.769231,495255,pdfsam-core/src/main/java/org/pdfsam/context/DefaultUserContext.java,124,132,9,,42,1,0,495257,pdfsam-service/src/main/java/org/pdfsam/ui/DefaultStageService.java,73,81,9,,52,1,0
21512853,,,,0.711538,0.769231,0.769231,495255,pdfsam-core/src/main/java/org/pdfsam/context/DefaultUserContext.java,124,132,9,,42,1,0,495262,pdfsam-service/src/main/java/org/pdfsam/news/DefaultNewsService.java,93,101,9,,52,1,0
28820973,,,,0.5,0.5,0.5,1276730,pdfsam-alternate-mix/src/main/java/org/pdfsam/alternatemix/AlternateMixModule.java,97,110,14,,152,1,0,1276731,pdfsam-alternate-mix/src/main/java/org/pdfsam/alternatemix/AlternateMixModule.java,103,109,7,,76,1,0
27364791,,,,0.714286,0.824176,0.824176,833999,pdfsam-fx/src/main/java/org/pdfsam/ui/selection/multiple/FileColumn.java,55,63,9,,91,0,3,834005,pdfsam-fx/src/main/java/org/pdfsam/ui/selection/multiple/PaceColumn.java,71,79,9,,80,0,2
24259568,,,,1,1,1,681680,pdfsam-fx/src/main/java/org/pdfsam/ui/io/BrowsableDirectoryField.java,92,98,7,,59,0,0,681681,pdfsam-fx/src/main/java/org/pdfsam/ui/io/BrowsableFileField.java,130,136,7,,59,0,0
24061991,,,,1,1,1,597378,pdfsam-merge/src/main/java/org/pdfsam/merge/MergeModule.java,77,89,13,,52,2,0,597379,pdfsam-alternate-mix/src/main/java/org/pdfsam/alternatemix/AlternateMixModule.java,76,89,14,,52,2,0
24259595,,,,0.851613,0.877419,0.877419,681714,pdfsam-fx/src/main/java/org/pdfsam/ui/selection/multiple/SelectionTable.java,428,437,10,,155,0,3,681715,pdfsam-fx/src/main/java/org/pdfsam/ui/selection/single/SingleSelectionPane.java,210,219,10,,137,0,3
24259554,,,,0.952381,1,1,681660,pdfsam-merge/src/main/java/org/pdfsam/merge/MergeOptionsPane.java,138,140,3,,63,0,1,681661,pdfsam-rotate/src/main/java/org/pdfsam/rotate/RotateOptionsPane.java,97,99,3,,63,0,1
24061997,,,,1,1,1,597388,pdfsam-simple-split/src/main/java/org/pdfsam/split/SplitModule.java,165,180,16,,117,0,1,597389,pdfsam-split-by-bookmarks/src/main/java/org/pdfsam/splitbybookmarks/SplitByBookmarksModule.java,172,187,16,,117,0,1
21512784,,,,0.433962,0.698113,0.698113,495212,pdfsam-fx/src/main/java/org/pdfsam/ui/selection/ShowPasswordFieldPopupRequest.java,37,42,6,,37,1,0,495222,pdfsam-community/src/main/java/org/pdfsam/community/PdfsamCommunity.java,38,45,8,,53,1,0
21512777,,,,0.392157,0.647059,0.647059,495212,pdfsam-fx/src/main/java/org/pdfsam/ui/selection/ShowPasswordFieldPopupRequest.java,37,42,6,,37,1,0,495214,pdfsam-gui/src/main/java/org/pdfsam/sound/PlaySoundController.java,47,54,8,,51,1,0
21512796,,,,0.511111,0.8,0.8,495212,pdfsam-fx/src/main/java/org/pdfsam/ui/selection/ShowPasswordFieldPopupRequest.java,37,42,6,,37,1,0,495232,pdfsam-gui/src/main/java/org/pdfsam/ui/dashboard/preference/PreferenceSetterOnValidState.java,44,50,7,,45,1,0
21512776,,,,0.575,0.925,0.925,495212,pdfsam-fx/src/main/java/org/pdfsam/ui/selection/ShowPasswordFieldPopupRequest.java,37,42,6,,37,1,0,495213,pdfsam-core/src/main/java/org/pdfsam/module/TaskExecutionRequestEvent.java,43,48,6,,40,1,0
24061998,,,,1,1,1,597388,pdfsam-simple-split/src/main/java/org/pdfsam/split/SplitModule.java,165,180,16,,117,0,1,597390,pdfsam-split-by-size/src/main/java/org/pdfsam/splitbysize/SplitBySizeModule.java,163,178,16,,117,1,1
24259537,,,,0.933962,0.962264,0.962264,681642,pdfsam-simple-split/src/main/java/org/pdfsam/split/SplitModule.java,83,91,9,,106,0,1,681643,pdfsam-split-by-bookmarks/src/main/java/org/pdfsam/splitbybookmarks/SplitByBookmarksModule.java,84,92,9,,102,0,1
21512831,,,,0.855856,0.891892,0.891892,495249,pdfsam-gui/src/main/java/org/pdfsam/ui/dialog/OverwriteDialogController.java,72,86,15,,111,2,0,495250,pdfsam-gui/src/main/java/org/pdfsam/ui/dialog/OverwriteDialogController.java,90,102,13,,99,2,0
24259572,,,,1,1,1,681685,pdfsam-simple-split/src/main/java/org/pdfsam/split/SplitModule.java,137,145,9,,71,0,1,681686,pdfsam-split-by-size/src/main/java/org/pdfsam/splitbysize/SplitBySizeModule.java,133,141,9,,71,1,1
21512785,,,,0.509434,0.773585,0.773585,495214,pdfsam-gui/src/main/java/org/pdfsam/sound/PlaySoundController.java,47,54,8,,51,1,0,495222,pdfsam-community/src/main/java/org/pdfsam/community/PdfsamCommunity.java,38,45,8,,53,1,0
21512799,,,,0.470588,0.764706,0.764706,495214,pdfsam-gui/src/main/java/org/pdfsam/sound/PlaySoundController.java,47,54,8,,51,1,0,495232,pdfsam-gui/src/main/java/org/pdfsam/ui/dashboard/preference/PreferenceSetterOnValidState.java,44,50,7,,45,1,0
24061990,,,,1,1,1,597376,pdfsam-rotate/src/main/java/org/pdfsam/rotate/RotateModule.java,95,104,10,,62,2,0,597377,pdfsam-extract/src/main/java/org/pdfsam/extract/ExtractModule.java,99,108,10,,62,2,0
21512798,,,,0.488889,0.8,0.8,495213,pdfsam-core/src/main/java/org/pdfsam/module/TaskExecutionRequestEvent.java,43,48,6,,40,1,0,495232,pdfsam-gui/src/main/java/org/pdfsam/ui/dashboard/preference/PreferenceSetterOnValidState.java,44,50,7,,45,1,0
24259536,,,,0.855072,0.898551,0.898551,681640,pdfsam-fx/src/main/java/org/pdfsam/ui/commons/HidingPane.java,38,42,5,,64,0,1,681641,pdfsam-gui/src/main/java/org/pdfsam/ui/dashboard/DashboardItemPane.java,67,71,5,,69,0,1
24259584,,,,0.888889,0.920635,0.920635,681688,pdfsam-fx/src/main/java/org/pdfsam/ui/commons/HidingPane.java,39,42,4,,59,0,0,681701,pdfsam-gui/src/main/java/org/pdfsam/ui/dashboard/DashboardItemPane.java,68,71,4,,63,0,0
24259523,,,,0.987654,1,1,681626,pdfsam-simple-split/src/main/java/org/pdfsam/split/SplitModule.java,83,90,8,,81,0,1,681627,pdfsam-split-by-bookmarks/src/main/java/org/pdfsam/splitbybookmarks/SplitByBookmarksModule.java,84,91,8,,81,0,1
24259524,,,,0.987654,1,1,681626,pdfsam-simple-split/src/main/java/org/pdfsam/split/SplitModule.java,83,90,8,,81,0,1,681628,pdfsam-split-by-size/src/main/java/org/pdfsam/splitbysize/SplitBySizeModule.java,82,89,8,,81,1,1
24061982,,,,1,1,1,597359,pdfsam-extract/src/main/java/org/pdfsam/extract/ExtractModule.java,143,153,11,,26,2,0,597364,pdfsam-alternate-mix/src/main/java/org/pdfsam/alternatemix/AlternateMixModule.java,124,134,11,,26,2,0
24061980,,,,1,1,1,597359,pdfsam-extract/src/main/java/org/pdfsam/extract/ExtractModule.java,143,153,11,,26,2,0,597362,pdfsam-rotate/src/main/java/org/pdfsam/rotate/RotateModule.java,135,145,11,,26,2,0
24061978,,,,1,1,1,597359,pdfsam-extract/src/main/java/org/pdfsam/extract/ExtractModule.java,143,153,11,,26,2,0,597360,pdfsam-merge/src/main/java/org/pdfsam/merge/MergeModule.java,122,132,11,,26,2,0
24061981,,,,1,1,1,597359,pdfsam-extract/src/main/java/org/pdfsam/extract/ExtractModule.java,143,153,11,,26,2,0,597363,pdfsam-split-by-size/src/main/java/org/pdfsam/splitbysize/SplitBySizeModule.java,140,150,11,,26,2,0
24259545,,,,0.931035,0.965517,0.965517,681646,pdfsam-simple-split/src/main/java/org/pdfsam/split/SplitByEveryRadioButton.java,107,114,8,,58,0,1,681647,pdfsam-split-by-bookmarks/src/main/java/org/pdfsam/splitbybookmarks/SplitByOutlineLevelParametersBuilder.java,49,56,8,,56,1,1
21512840,,,,0.647887,0.704225,0.704225,495220,pdfsam-alternate-mix/src/main/java/org/pdfsam/alternatemix/AlternateMixModule.java,139,145,7,,50,1,0,495253,pdfsam-split-by-size/src/main/java/org/pdfsam/splitbysize/SplitBySizeModule.java,116,124,9,,71,1,0
24259546,,,,1,1,1,681646,pdfsam-simple-split/src/main/java/org/pdfsam/split/SplitByEveryRadioButton.java,107,114,8,,58,0,1,681648,pdfsam-split-by-size/src/main/java/org/pdfsam/splitbysize/SplitBySizeParametersBuilder.java,43,50,8,,58,1,1
24061979,,,,1,1,1,597359,pdfsam-extract/src/main/java/org/pdfsam/extract/ExtractModule.java,143,153,11,,26,2,0,597361,pdfsam-simple-split/src/main/java/org/pdfsam/split/SplitModule.java,144,154,11,,26,0,0
21512782,,,,0.676471,0.735294,0.735294,495220,pdfsam-alternate-mix/src/main/java/org/pdfsam/alternatemix/AlternateMixModule.java,139,145,7,,50,1,0,495221,pdfsam-extract/src/main/java/org/pdfsam/extract/ExtractModule.java,96,104,9,,68,1,0
21512810,,,,0.79661,0.847458,0.847458,495220,pdfsam-alternate-mix/src/main/java/org/pdfsam/alternatemix/AlternateMixModule.java,139,145,7,,50,1,0,495237,pdfsam-merge/src/main/java/org/pdfsam/merge/MergeModule.java,104,111,8,,59,1,0
27364731,,,,0.967105,0.986842,0.986842,833933,pdfsam-split-by-size/src/main/java/org/pdfsam/splitbysize/SplitBySizeModule.java,19,38,20,,152,0,0,833934,pdfsam-split-by-bookmarks/src/main/java/org/pdfsam/splitbybookmarks/SplitByBookmarksModule.java,19,38,20,,150,0,0
24259564,,,,0.970588,1,1,681672,pdfsam-fx/src/main/java/org/pdfsam/ui/selection/multiple/SelectionTable.java,277,281,5,,68,0,3,681673,pdfsam-fx/src/main/java/org/pdfsam/ui/selection/multiple/SelectionTable.java,285,289,5,,68,0,3
24259530,,,,1,1,1,681632,pdfsam-simple-split/src/main/java/org/pdfsam/split/SplitModule.java,138,145,8,,62,0,1,681634,pdfsam-split-by-size/src/main/java/org/pdfsam/splitbysize/SplitBySizeModule.java,134,141,8,,62,1,1
24259566,,,,0.961538,1,1,681676,pdfsam-fx/src/main/java/org/pdfsam/ui/commons/Animations.java,50,53,4,,78,1,0,681677,pdfsam-fx/src/main/java/org/pdfsam/ui/commons/Animations.java,53,56,4,,78,1,0
24259529,,,,0.983871,1,1,681632,pdfsam-simple-split/src/main/java/org/pdfsam/split/SplitModule.java,138,145,8,,62,0,1,681633,pdfsam-split-by-bookmarks/src/main/java/org/pdfsam/splitbybookmarks/SplitByBookmarksModule.java,140,147,8,,62,0,1
27364770,,,,0.686275,0.77451,0.77451,833976,pdfsam-core/src/main/java/org/pdfsam/support/LocaleKeyValueItem.java,61,73,13,,84,2,0,833977,pdfsam-core/src/main/java/org/pdfsam/task/BulkRotateParameters.java,84,97,14,,102,2,0
27364772,,,,0.833333,0.928571,0.928571,833976,pdfsam-core/src/main/java/org/pdfsam/support/LocaleKeyValueItem.java,61,73,13,,84,2,0,833980,pdfsam-fx/src/main/java/org/pdfsam/ui/io/PdfVersionCombo.java,156,168,13,,78,0,0
27364773,,,,0.649573,0.709402,0.709402,833976,pdfsam-core/src/main/java/org/pdfsam/support/LocaleKeyValueItem.java,61,73,13,,84,2,0,833981,pdfsam-core/src/main/java/org/pdfsam/ui/StageStatus.java,128,140,13,,117,2,0
24259567,,,,0.785714,0.785714,0.785714,681678,pdfsam-fx/src/main/java/org/pdfsam/ui/io/BrowsableDirectoryField.java,68,76,9,,80,0,0,681679,pdfsam-fx/src/main/java/org/pdfsam/ui/io/BrowsableFileField.java,109,118,10,,98,0,0
27364732,,,,0.907407,0.981481,0.981481,833935,pdfsam-split-by-size/src/main/java/org/pdfsam/splitbysize/SplitBySizeParametersBuilder.java,34,51,18,,108,1,1,833936,pdfsam-simple-split/src/main/java/org/pdfsam/split/SplitAfterPredefinedSetOfPagesRadioButton.java,93,110,18,,107,0,1
21512823,,,,0.640449,0.730337,0.730337,495209,pdfsam-core/src/main/java/org/pdfsam/support/LocaleKeyValueItem.java,65,74,10,,65,1,0,495245,pdfsam-core/src/main/java/org/pdfsam/task/BulkRotateParameters.java,89,99,11,,89,1,0
27364733,,,,0.907407,0.981481,0.981481,833935,pdfsam-split-by-size/src/main/java/org/pdfsam/splitbysize/SplitBySizeParametersBuilder.java,34,51,18,,108,1,1,833937,pdfsam-simple-split/src/main/java/org/pdfsam/split/SplitByEveryRadioButton.java,98,115,18,,107,0,1
21512818,,,,0.855072,0.913043,0.913043,495209,pdfsam-core/src/main/java/org/pdfsam/support/LocaleKeyValueItem.java,65,74,10,,65,1,0,495243,pdfsam-core/src/main/java/org/pdfsam/support/KeyStringValueItem.java,87,96,10,,69,1,0
27364774,,,,0.986486,1,1,833982,pdfsam-core/src/main/java/org/pdfsam/module/PdfsamEnterpriseModule.java,19,39,21,,74,0,0,833983,pdfsam-core/src/main/java/org/pdfsam/module/PdfsamModule.java,19,38,20,,74,0,0
27364713,,,,0.857143,0.922078,0.922078,833904,pdfsam-alternate-mix/src/main/java/org/pdfsam/alternatemix/AlternateMixModule.java,144,157,14,,71,2,1,833905,pdfsam-extract/src/main/java/org/pdfsam/extract/ExtractModule.java,154,167,14,,77,2,1
24259581,,,,0.927536,0.942029,0.942029,681697,pdfsam-fx/src/main/java/org/pdfsam/ui/selection/multiple/SelectionTable.java,434,436,3,,69,0,0,681698,pdfsam-fx/src/main/java/org/pdfsam/ui/selection/single/SingleSelectionPane.java,216,218,3,,65,0,0
24259532,,,,0.974359,1,1,681635,pdfsam-fx/src/main/java/org/pdfsam/ui/commons/Animations.java,59,62,4,,78,1,0,681636,pdfsam-fx/src/main/java/org/pdfsam/ui/commons/Animations.java,65,68,4,,78,1,0
24259533,,,,0.974359,1,1,681635,pdfsam-fx/src/main/java/org/pdfsam/ui/commons/Animations.java,59,62,4,,78,1,0,681637,pdfsam-fx/src/main/java/org/pdfsam/ui/commons/Animations.java,71,74,4,,78,1,0
21512805,,,,0.938776,1,1,495218,pdfsam-split-by-size/src/main/java/org/pdfsam/splitbysize/SplitBySizeModule.java,98,104,7,,49,1,0,495223,pdfsam-rotate/src/main/java/org/pdfsam/rotate/RotateModule.java,103,109,7,,49,1,0
21512807,,,,0.938776,1,1,495218,pdfsam-split-by-size/src/main/java/org/pdfsam/splitbysize/SplitBySizeModule.java,98,104,7,,49,1,0,495224,pdfsam-extract/src/main/java/org/pdfsam/extract/ExtractModule.java,107,113,7,,49,1,0
21512806,,,,0.714286,0.857143,0.857143,495218,pdfsam-split-by-size/src/main/java/org/pdfsam/splitbysize/SplitBySizeModule.java,98,104,7,,49,1,0,495225,pdfsam-merge/src/main/java/org/pdfsam/merge/MergeModule.java,96,101,6,,42,1,0
24061993,,,,1,1,1,597380,pdfsam-simple-split/src/main/java/org/pdfsam/split/SplitByEveryRadioButton.java,105,113,9,,75,0,0,597382,pdfsam-simple-split/src/main/java/org/pdfsam/split/SplitAfterRadioButton.java,102,110,9,,75,0,0
24061994,,,,1,1,1,597380,pdfsam-simple-split/src/main/java/org/pdfsam/split/SplitByEveryRadioButton.java,105,113,9,,75,0,0,597383,pdfsam-simple-split/src/main/java/org/pdfsam/split/SplitAfterPredefinedSetOfPagesRadioButton.java,100,108,9,,75,0,0
24061992,,,,1,1,1,597380,pdfsam-simple-split/src/main/java/org/pdfsam/split/SplitByEveryRadioButton.java,105,113,9,,75,0,0,597381,pdfsam-split-by-size/src/main/java/org/pdfsam/splitbysize/SplitBySizeParametersBuilder.java,41,49,9,,75,1,0
27364786,,,,0.892857,0.928571,0.928571,834003,pdfsam-fx/src/main/java/org/pdfsam/ui/selection/multiple/LoadingColumn.java,95,99,5,,54,0,1,834004,pdfsam-fx/src/main/java/org/pdfsam/ui/selection/multiple/SelectionTableColumn.java,98,102,5,,56,0,1
21512829,,,,0.927928,0.972973,0.972973,495248,pdfsam-gui/src/main/java/org/pdfsam/ui/dialog/OverwriteDialogController.java,89,103,15,,108,2,0,495249,pdfsam-gui/src/main/java/org/pdfsam/ui/dialog/OverwriteDialogController.java,72,86,15,,111,2,0
24062004,,,,1,1,1,597400,pdfsam-simple-split/src/main/java/org/pdfsam/split/SplitModule.java,158,180,23,,146,0,2,597401,pdfsam-split-by-bookmarks/src/main/java/org/pdfsam/splitbybookmarks/SplitByBookmarksModule.java,165,187,23,,146,0,2
27364720,,,,0.865854,0.878049,0.878049,833903,pdfsam-split-by-size/src/main/java/org/pdfsam/splitbysize/SplitBySizeModule.java,168,181,14,,72,1,3,833915,pdfsam-extract/src/main/java/org/pdfsam/extract/ExtractModule.java,167,181,15,,82,1,3
27364719,,,,0.8875,0.9,0.9,833903,pdfsam-split-by-size/src/main/java/org/pdfsam/splitbysize/SplitBySizeModule.java,168,181,14,,72,1,3,833914,pdfsam-rotate/src/main/java/org/pdfsam/rotate/RotateModule.java,159,173,15,,80,1,3
27364721,,,,0.875,0.9,0.9,833903,pdfsam-split-by-size/src/main/java/org/pdfsam/splitbysize/SplitBySizeModule.java,168,181,14,,72,1,3,833916,pdfsam-merge/src/main/java/org/pdfsam/merge/MergeModule.java,146,159,14,,80,1,3
27364743,,,,0.97561,0.97561,0.97561,833914,pdfsam-rotate/src/main/java/org/pdfsam/rotate/RotateModule.java,159,173,15,,80,1,3,833915,pdfsam-extract/src/main/java/org/pdfsam/extract/ExtractModule.java,167,181,15,,82,1,3
27364724,,,,0.873418,0.898734,0.898734,833920,pdfsam-split-by-size/src/main/java/org/pdfsam/splitbysize/SplitBySizeModule.java,89,116,28,,143,2,0,833921,pdfsam-simple-split/src/main/java/org/pdfsam/split/SplitModule.java,91,118,28,,158,0,0
27364727,,,,0.803279,0.918033,0.918033,833924,pdfsam-split-by-size/src/main/java/org/pdfsam/splitbysize/SplitBySizeModule.java,103,115,13,,61,1,1,833926,pdfsam-simple-split/src/main/java/org/pdfsam/split/SplitModule.java,96,108,13,,57,0,1
21512822,,,,0.629214,0.707865,0.707865,495243,pdfsam-core/src/main/java/org/pdfsam/support/KeyStringValueItem.java,87,96,10,,69,1,0,495245,pdfsam-core/src/main/java/org/pdfsam/task/BulkRotateParameters.java,89,99,11,,89,1,0
27364789,,,,0.808219,0.90411,0.90411,834000,pdfsam-fx/src/main/java/org/pdfsam/ui/selection/multiple/SelectionTableColumn.java,51,55,5,,73,0,4,834006,pdfsam-fx/src/main/java/org/pdfsam/ui/selection/multiple/LoadingColumn.java,79,84,6,,68,0,3
27364750,,,,0.869565,0.880435,0.880435,833946,pdfsam-rotate/src/main/java/org/pdfsam/rotate/RotateSelectionPane.java,61,70,10,,87,0,3,833947,pdfsam-extract/src/main/java/org/pdfsam/extract/ExtractSelectionPane.java,54,63,10,,92,0,3
27364726,,,,0.693333,0.813333,0.813333,833924,pdfsam-split-by-size/src/main/java/org/pdfsam/splitbysize/SplitBySizeModule.java,103,115,13,,61,1,1,833925,pdfsam-split-by-bookmarks/src/main/java/org/pdfsam/splitbybookmarks/SplitByBookmarksModule.java,92,105,14,,75,0,1
24259583,,,,0.893939,0.939394,0.939394,681687,pdfsam-fx/src/main/java/org/pdfsam/ui/commons/ClosePane.java,40,43,4,,66,0,0,681701,pdfsam-gui/src/main/java/org/pdfsam/ui/dashboard/DashboardItemPane.java,68,71,4,,63,0,0
24259573,,,,0.863636,0.878788,0.878788,681687,pdfsam-fx/src/main/java/org/pdfsam/ui/commons/ClosePane.java,40,43,4,,66,0,0,681688,pdfsam-fx/src/main/java/org/pdfsam/ui/commons/HidingPane.java,39,42,4,,59,0,0
27364771,,,,0.790698,0.872093,0.872093,833978,pdfsam-core/src/main/java/org/pdfsam/support/KeyStringValueItem.java,78,94,17,,81,2,0,833979,pdfsam-fx/src/main/java/org/pdfsam/ui/io/PdfVersionCombo.java,151,167,17,,86,0,0
27364709,,,,0.965278,0.972222,0.972222,833897,pdfsam-alternate-mix/src/main/java/org/pdfsam/alternatemix/AlternateMixModule.java,144,171,28,,140,1,2,833899,pdfsam-merge/src/main/java/org/pdfsam/merge/MergeModule.java,133,159,27,,144,1,2
27364708,,,,0.930556,0.972222,0.972222,833897,pdfsam-alternate-mix/src/main/java/org/pdfsam/alternatemix/AlternateMixModule.java,144,171,28,,140,1,2,833898,pdfsam-rotate/src/main/java/org/pdfsam/rotate/RotateModule.java,146,173,28,,144,1,2
27364728,,,,0.757143,0.871429,0.871429,833927,pdfsam-split-by-size/src/main/java/org/pdfsam/splitbysize/SplitBySizeModule.java,94,107,14,,70,2,0,833928,pdfsam-split-by-bookmarks/src/main/java/org/pdfsam/splitbybookmarks/SplitByBookmarksModule.java,102,115,14,,67,0,0
24259565,,,,0.964912,1,1,681674,pdfsam-split-by-bookmarks/src/main/java/org/pdfsam/splitbybookmarks/SplitByBookmarksModule.java,121,128,8,,57,0,1,681675,pdfsam-split-by-size/src/main/java/org/pdfsam/splitbysize/SplitBySizeModule.java,117,124,8,,57,1,1
24259574,,,,0.842105,0.855263,0.855263,681689,pdfsam-fx/src/main/java/org/pdfsam/ui/selection/multiple/PaceColumn.java,66,69,4,,65,0,1,681690,pdfsam-fx/src/main/java/org/pdfsam/ui/selection/multiple/PageRangesColumn.java,75,79,5,,76,0,1
27364788,,,,0.785714,0.867347,0.867347,833998,pdfsam-fx/src/main/java/org/pdfsam/ui/selection/multiple/LoadingColumn.java,75,84,10,,98,0,2,833999,pdfsam-fx/src/main/java/org/pdfsam/ui/selection/multiple/FileColumn.java,55,63,9,,91,0,3
27364787,,,,0.663265,0.744898,0.744898,833998,pdfsam-fx/src/main/java/org/pdfsam/ui/selection/multiple/LoadingColumn.java,75,84,10,,98,0,2,834005,pdfsam-fx/src/main/java/org/pdfsam/ui/selection/multiple/PaceColumn.java,71,79,9,,80,0,2
27364784,,,,0.808219,0.90411,0.90411,681692,pdfsam-fx/src/main/java/org/pdfsam/ui/selection/multiple/PageRangesColumn.java,84,88,5,,69,0,3,834000,pdfsam-fx/src/main/java/org/pdfsam/ui/selection/multiple/SelectionTableColumn.java,51,55,5,,73,0,4
24061976,,,,1,1,1,597355,pdfsam-extract/src/main/java/org/pdfsam/extract/ExtractParametersBuilder.java,40,48,9,,41,0,1,597356,pdfsam-core/src/main/java/org/pdfsam/support/params/SplitParametersBuilder.java,35,43,9,,41,2,1
21512787,,,,0.795918,0.857143,0.857143,495217,pdfsam-merge/src/main/java/org/pdfsam/merge/MergeModule.java,88,93,6,,42,1,0,495223,pdfsam-rotate/src/main/java/org/pdfsam/rotate/RotateModule.java,103,109,7,,49,1,0
21512788,,,,0.795918,0.857143,0.857143,495217,pdfsam-merge/src/main/java/org/pdfsam/merge/MergeModule.java,88,93,6,,42,1,0,495224,pdfsam-extract/src/main/java/org/pdfsam/extract/ExtractModule.java,107,113,7,,49,1,0
21512804,,,,0.816327,0.857143,0.857143,495217,pdfsam-merge/src/main/java/org/pdfsam/merge/MergeModule.java,88,93,6,,42,1,0,495218,pdfsam-split-by-size/src/main/java/org/pdfsam/splitbysize/SplitBySizeModule.java,98,104,7,,49,1,0
21512790,,,,0.880952,1,1,495217,pdfsam-merge/src/main/java/org/pdfsam/merge/MergeModule.java,88,93,6,,42,1,0,495225,pdfsam-merge/src/main/java/org/pdfsam/merge/MergeModule.java,96,101,6,,42,1,0
24259570,,,,0.830986,0.859155,0.859155,681684,pdfsam-extract/src/main/java/org/pdfsam/extract/ExtractModule.java,136,144,9,,61,1,1,681685,pdfsam-simple-split/src/main/java/org/pdfsam/split/SplitModule.java,137,145,9,,71,0,1
24259571,,,,0.830986,0.859155,0.859155,681684,pdfsam-extract/src/main/java/org/pdfsam/extract/ExtractModule.java,136,144,9,,61,1,1,681686,pdfsam-split-by-size/src/main/java/org/pdfsam/splitbysize/SplitBySizeModule.java,133,141,9,,71,1,1
24259531,,,,0.983871,1,1,681633,pdfsam-split-by-bookmarks/src/main/java/org/pdfsam/splitbybookmarks/SplitByBookmarksModule.java,140,147,8,,62,0,1,681634,pdfsam-split-by-size/src/main/java/org/pdfsam/splitbysize/SplitBySizeModule.java,134,141,8,,62,1,1
27364746,,,,0.869919,0.902439,0.902439,833950,pdfsam-extract/src/main/java/org/pdfsam/extract/ExtractModule.java,122,139,18,,112,2,0,833951,pdfsam-rotate/src/main/java/org/pdfsam/rotate/RotateModule.java,113,130,18,,123,2,0
27364759,,,,0.84127,0.849206,0.849206,833923,pdfsam-split-by-bookmarks/src/main/java/org/pdfsam/splitbybookmarks/SplitByBookmarksModule.java,92,114,23,,126,0,1,833963,pdfsam-simple-split/src/main/java/org/pdfsam/split/SplitModule.java,96,117,22,,108,0,1
27364753,,,,0.793651,0.849206,0.849206,833923,pdfsam-split-by-bookmarks/src/main/java/org/pdfsam/splitbybookmarks/SplitByBookmarksModule.java,92,114,23,,126,0,1,833957,pdfsam-rotate/src/main/java/org/pdfsam/rotate/RotateModule.java,99,120,22,,108,1,1
24061973,,,,1,1,1,597349,pdfsam-fx/src/main/java/org/pdfsam/ui/selection/multiple/PaceColumn.java,71,78,8,,68,0,2,597350,pdfsam-fx/src/main/java/org/pdfsam/ui/selection/multiple/PageRangesColumn.java,80,87,8,,68,0,2
27364783,,,,0.714286,0.802198,0.802198,833997,pdfsam-fx/src/main/java/org/pdfsam/ui/selection/multiple/PageRangesColumn.java,80,88,9,,75,0,2,833999,pdfsam-fx/src/main/java/org/pdfsam/ui/selection/multiple/FileColumn.java,55,63,9,,91,0,3
27364782,,,,0.673469,0.755102,0.755102,833997,pdfsam-fx/src/main/java/org/pdfsam/ui/selection/multiple/PageRangesColumn.java,80,88,9,,75,0,2,833998,pdfsam-fx/src/main/java/org/pdfsam/ui/selection/multiple/LoadingColumn.java,75,84,10,,98,0,2
21512849,,,,0.607595,0.721519,0.721519,495258,pdfsam-service/src/main/java/org/pdfsam/update/DefaultUpdateService.java,53,60,8,,59,1,0,495259,pdfsam-service/src/main/java/org/pdfsam/news/DefaultNewsService.java,60,68,9,,79,1,0
27364763,,,,0.942529,0.965517,0.965517,833967,pdfsam-simple-split/src/main/java/org/pdfsam/split/SplitByEveryRadioButton.java,104,117,14,,87,0,3,833968,pdfsam-simple-split/src/main/java/org/pdfsam/split/SplitAfterRadioButton.java,101,113,13,,85,0,3
27364796,,,,0.932203,0.932203,0.932203,834015,pdfsam-fx/src/main/java/org/pdfsam/ui/io/BrowsableDirectoryField.java,68,73,6,,58,0,2,834016,pdfsam-fx/src/main/java/org/pdfsam/ui/io/BrowsableFileField.java,109,114,6,,59,0,2
24061995,,,,1,1,1,597384,pdfsam-fx/src/main/java/org/pdfsam/ui/io/BrowsableDirectoryField.java,88,105,18,,112,0,0,597385,pdfsam-fx/src/main/java/org/pdfsam/ui/io/BrowsableFileField.java,126,143,18,,112,0,0
24259550,,,,0.923077,1,1,681652,pdfsam-extract/src/main/java/org/pdfsam/extract/ExtractModule.java,70,77,8,,65,0,0,681653,pdfsam-rotate/src/main/java/org/pdfsam/rotate/RotateModule.java,68,74,7,,65,0,0
21512845,,,,0.869565,0.886957,0.886957,495252,pdfsam-extract/src/main/java/org/pdfsam/extract/ExtractModule.java,130,144,15,,113,1,0,495254,pdfsam-split-by-size/src/main/java/org/pdfsam/splitbysize/SplitBySizeModule.java,127,141,15,,115,1,0
24259593,,,,0.851064,0.861702,0.861702,681710,pdfsam-fx/src/main/java/org/pdfsam/ui/selection/multiple/move/MoveType.java,48,54,7,,82,0,4,681711,pdfsam-fx/src/main/java/org/pdfsam/ui/selection/multiple/move/MoveType.java,65,71,7,,94,0,4
27364722,,,,0.90411,0.958904,0.958904,833917,pdfsam-split-by-size/src/main/java/org/pdfsam/splitbysize/SplitBySizeModule.java,116,126,11,,73,1,0,833918,pdfsam-rotate/src/main/java/org/pdfsam/rotate/RotateModule.java,92,102,11,,70,1,0
27364723,,,,0.90411,0.958904,0.958904,833917,pdfsam-split-by-size/src/main/java/org/pdfsam/splitbysize/SplitBySizeModule.java,116,126,11,,73,1,0,833919,pdfsam-extract/src/main/java/org/pdfsam/extract/ExtractModule.java,96,106,11,,70,1,0
24259527,,,,1,1,1,681629,pdfsam-simple-split/src/main/java/org/pdfsam/split/SplitModule.java,131,138,8,,62,0,1,681631,pdfsam-split-by-size/src/main/java/org/pdfsam/splitbysize/SplitBySizeModule.java,127,134,8,,62,1,1
24259538,,,,1,1,1,681644,pdfsam-simple-split/src/main/java/org/pdfsam/split/SplitAfterPredefinedSetOfPagesRadioButton.java,102,109,8,,58,0,1,681645,pdfsam-simple-split/src/main/java/org/pdfsam/split/SplitAfterRadioButton.java,104,111,8,,58,0,1
24259526,,,,1,1,1,681629,pdfsam-simple-split/src/main/java/org/pdfsam/split/SplitModule.java,131,138,8,,62,0,1,681630,pdfsam-split-by-bookmarks/src/main/java/org/pdfsam/splitbybookmarks/SplitByBookmarksModule.java,131,138,8,,62,0,1
24259540,,,,0.931035,0.965517,0.965517,681644,pdfsam-simple-split/src/main/java/org/pdfsam/split/SplitAfterPredefinedSetOfPagesRadioButton.java,102,109,8,,58,0,1,681647,pdfsam-split-by-bookmarks/src/main/java/org/pdfsam/splitbybookmarks/SplitByOutlineLevelParametersBuilder.java,49,56,8,,56,1,1
24259553,,,,0.895349,0.930233,0.930233,681658,pdfsam-merge/src/main/java/org/pdfsam/merge/MergeOptionsPane.java,129,132,4,,86,0,0,681659,pdfsam-rotate/src/main/java/org/pdfsam/rotate/RotateOptionsPane.java,89,93,5,,80,0,0
27364741,,,,0.706522,0.717391,0.717391,833945,pdfsam-merge/src/main/java/org/pdfsam/merge/MergeSelectionPane.java,62,71,10,,68,0,3,833947,pdfsam-extract/src/main/java/org/pdfsam/extract/ExtractSelectionPane.java,54,63,10,,92,0,3
24259539,,,,1,1,1,681644,pdfsam-simple-split/src/main/java/org/pdfsam/split/SplitAfterPredefinedSetOfPagesRadioButton.java,102,109,8,,58,0,1,681646,pdfsam-simple-split/src/main/java/org/pdfsam/split/SplitByEveryRadioButton.java,107,114,8,,58,0,1
24259541,,,,1,1,1,681644,pdfsam-simple-split/src/main/java/org/pdfsam/split/SplitAfterPredefinedSetOfPagesRadioButton.java,102,109,8,,58,0,1,681648,pdfsam-split-by-size/src/main/java/org/pdfsam/splitbysize/SplitBySizeParametersBuilder.java,43,50,8,,58,1,1
27364740,,,,0.758621,0.758621,0.758621,833945,pdfsam-merge/src/main/java/org/pdfsam/merge/MergeSelectionPane.java,62,71,10,,68,0,3,833946,pdfsam-rotate/src/main/java/org/pdfsam/rotate/RotateSelectionPane.java,61,70,10,,87,0,3
24259569,,,,0.917808,0.931507,0.931507,681682,pdfsam-fx/src/main/java/org/pdfsam/ui/io/BrowsableDirectoryField.java,104,110,7,,68,0,0,681683,pdfsam-fx/src/main/java/org/pdfsam/ui/io/BrowsableFileField.java,142,148,7,,73,0,0
24259525,,,,0.987654,1,1,681627,pdfsam-split-by-bookmarks/src/main/java/org/pdfsam/splitbybookmarks/SplitByBookmarksModule.java,84,91,8,,81,0,1,681628,pdfsam-split-by-size/src/main/java/org/pdfsam/splitbysize/SplitBySizeModule.java,82,89,8,,81,1,1
24061983,,,,1,1,1,597365,pdfsam-extract/src/main/java/org/pdfsam/extract/ExtractModule.java,85,95,11,,32,1,1,597366,pdfsam-rotate/src/main/java/org/pdfsam/rotate/RotateModule.java,81,91,11,,32,1,1
24061974,,,,1,1,1,597351,pdfsam-gui/src/main/java/org/pdfsam/ui/info/SummaryTab.java,93,100,8,,55,0,1,597352,pdfsam-gui/src/main/java/org/pdfsam/ui/info/KeywordsTab.java,66,73,8,,55,0,1
21512842,,,,0.901408,0.957747,0.957747,495221,pdfsam-extract/src/main/java/org/pdfsam/extract/ExtractModule.java,96,104,9,,68,1,0,495253,pdfsam-split-by-size/src/main/java/org/pdfsam/splitbysize/SplitBySizeModule.java,116,124,9,,71,1,0
21512812,,,,0.779412,0.867647,0.867647,495221,pdfsam-extract/src/main/java/org/pdfsam/extract/ExtractModule.java,96,104,9,,68,1,0,495237,pdfsam-merge/src/main/java/org/pdfsam/merge/MergeModule.java,104,111,8,,59,1,0
24061969,,,,1,1,1,597344,pdfsam-simple-split/src/main/java/org/pdfsam/split/SplitByEveryRadioButton.java,108,113,6,,48,0,0,597345,pdfsam-simple-split/src/main/java/org/pdfsam/split/SplitAfterPredefinedSetOfPagesRadioButton.java,103,108,6,,48,0,0
24061971,,,,1,1,1,597344,pdfsam-simple-split/src/main/java/org/pdfsam/split/SplitByEveryRadioButton.java,108,113,6,,48,0,0,597347,pdfsam-simple-split/src/main/java/org/pdfsam/split/SplitAfterRadioButton.java,105,110,6,,48,0,0
24259555,,,,0.970149,1,1,681662,pdfsam-simple-split/src/main/java/org/pdfsam/split/SplitByEveryRadioButton.java,51,55,5,,67,0,0,681663,pdfsam-split-by-size/src/main/java/org/pdfsam/splitbysize/SplitOptionsPane.java,53,57,5,,67,0,0
21512797,,,,0.444444,0.622222,0.622222,495207,pdfsam-gui/src/main/java/org/pdfsam/ui/notification/NotificationsController.java,68,74,7,,38,1,0,495232,pdfsam-gui/src/main/java/org/pdfsam/ui/dashboard/preference/PreferenceSetterOnValidState.java,44,50,7,,45,1,0
21512827,,,,0.490196,0.705882,0.705882,495207,pdfsam-gui/src/main/java/org/pdfsam/ui/notification/NotificationsController.java,68,74,7,,38,1,0,495214,pdfsam-gui/src/main/java/org/pdfsam/sound/PlaySoundController.java,47,54,8,,51,1,0
24061972,,,,1,1,1,597344,pdfsam-simple-split/src/main/java/org/pdfsam/split/SplitByEveryRadioButton.java,108,113,6,,48,0,0,597348,pdfsam-split-by-size/src/main/java/org/pdfsam/splitbysize/SplitBySizeParametersBuilder.java,44,49,6,,48,1,0
24061970,,,,1,1,1,597344,pdfsam-simple-split/src/main/java/org/pdfsam/split/SplitByEveryRadioButton.java,108,113,6,,48,0,0,597346,pdfsam-split-by-bookmarks/src/main/java/org/pdfsam/splitbybookmarks/SplitByOutlineLevelParametersBuilder.java,50,55,6,,48,1,0
21512837,,,,0.816327,1,1,495216,pdfsam-split-by-size/src/main/java/org/pdfsam/splitbysize/SplitBySizeModule.java,107,113,7,,49,1,0,495223,pdfsam-rotate/src/main/java/org/pdfsam/rotate/RotateModule.java,103,109,7,,49,1,0
21512839,,,,0.816327,1,1,495216,pdfsam-split-by-size/src/main/java/org/pdfsam/splitbysize/SplitBySizeModule.java,107,113,7,,49,1,0,495224,pdfsam-extract/src/main/java/org/pdfsam/extract/ExtractModule.java,107,113,7,,49,1,0
21512780,,,,0.877551,1,1,495216,pdfsam-split-by-size/src/main/java/org/pdfsam/splitbysize/SplitBySizeModule.java,107,113,7,,49,1,0,495218,pdfsam-split-by-size/src/main/java/org/pdfsam/splitbysize/SplitBySizeModule.java,98,104,7,,49,1,0
21512779,,,,0.714286,0.857143,0.857143,495216,pdfsam-split-by-size/src/main/java/org/pdfsam/splitbysize/SplitBySizeModule.java,107,113,7,,49,1,0,495217,pdfsam-merge/src/main/java/org/pdfsam/merge/MergeModule.java,88,93,6,,42,1,0
21512838,,,,0.816327,0.857143,0.857143,495216,pdfsam-split-by-size/src/main/java/org/pdfsam/splitbysize/SplitBySizeModule.java,107,113,7,,49,1,0,495225,pdfsam-merge/src/main/java/org/pdfsam/merge/MergeModule.java,96,101,6,,42,1,0
21512844,,,,0.770492,0.852459,0.852459,495251,pdfsam-rotate/src/main/java/org/pdfsam/rotate/RotateModule.java,121,136,16,,122,1,0,495254,pdfsam-split-by-size/src/main/java/org/pdfsam/splitbysize/SplitBySizeModule.java,127,141,15,,115,1,0
21512834,,,,0.836066,0.885246,0.885246,495251,pdfsam-rotate/src/main/java/org/pdfsam/rotate/RotateModule.java,121,136,16,,122,1,0,495252,pdfsam-extract/src/main/java/org/pdfsam/extract/ExtractModule.java,130,144,15,,113,1,0
21512852,,,,0.961538,1,1,495257,pdfsam-service/src/main/java/org/pdfsam/ui/DefaultStageService.java,73,81,9,,52,1,0,495262,pdfsam-service/src/main/java/org/pdfsam/news/DefaultNewsService.java,93,101,9,,52,1,0
24061999,,,,1,1,1,597391,pdfsam-split-by-bookmarks/src/main/java/org/pdfsam/splitbybookmarks/SplitByBookmarksModule.java,122,138,17,,113,0,0,597392,pdfsam-split-by-size/src/main/java/org/pdfsam/splitbysize/SplitBySizeModule.java,118,134,17,,113,2,0
27364742,,,,0.958824,0.976471,0.976471,833948,pdfsam-merge/src/main/java/org/pdfsam/merge/MergeSelectionPane.java,19,36,18,,170,0,0,833949,pdfsam-rotate/src/main/java/org/pdfsam/rotate/RotateSelectionPane.java,19,36,18,,166,0,0
27364762,,,,0.916667,0.990741,0.990741,833965,pdfsam-simple-split/src/main/java/org/pdfsam/split/SplitByEveryRadioButton.java,98,117,20,,108,0,2,833966,pdfsam-simple-split/src/main/java/org/pdfsam/split/SplitAfterPredefinedSetOfPagesRadioButton.java,93,111,19,,108,0,2
27364797,,,,0.965517,1,1,834017,pdfsam-fx/src/main/java/org/pdfsam/ui/io/RemovePdfVersionConstraintEvent.java,19,37,19,,58,0,0,834018,pdfsam-fx/src/main/java/org/pdfsam/ui/io/AddPdfVersionConstraintEvent.java,19,37,19,,58,0,0
27364748,,,,0.786885,0.918033,0.918033,833954,pdfsam-extract/src/main/java/org/pdfsam/extract/ExtractModule.java,103,115,13,,57,1,1,833955,pdfsam-rotate/src/main/java/org/pdfsam/rotate/RotateModule.java,108,120,13,,61,1,1
21512774,,,,0.432432,0.540541,0.540541,495210,pdfsam-fx/src/main/java/org/pdfsam/ui/selection/PasswordFieldPopupSkin.java,46,51,6,,25,1,0,495211,pdfsam-core/src/main/java/org/pdfsam/support/XmlUtils.java,40,45,6,,37,1,0
28820979,,,,0.731707,0.780488,0.780488,495261,pdfsam-fx/src/main/java/org/pdfsam/ui/io/BrowsablePdfOutputField.java,47,54,8,,82,1,0,1276740,pdfsam-fx/src/main/java/org/pdfsam/ui/selection/single/TaskParametersBuilderSingleSelectionPane.java,44,51,8,,72,1,0
21512843,,,,0.746479,0.830986,0.830986,495237,pdfsam-merge/src/main/java/org/pdfsam/merge/MergeModule.java,104,111,8,,59,1,0,495253,pdfsam-split-by-size/src/main/java/org/pdfsam/splitbysize/SplitBySizeModule.java,116,124,9,,71,1,0
27364760,,,,0.693333,0.813333,0.813333,833925,pdfsam-split-by-bookmarks/src/main/java/org/pdfsam/splitbybookmarks/SplitByBookmarksModule.java,92,105,14,,75,0,1,833930,pdfsam-simple-split/src/main/java/org/pdfsam/split/SplitModule.java,105,117,13,,61,0,1
27364745,,,,0.865854,0.878049,0.878049,833902,pdfsam-simple-split/src/main/java/org/pdfsam/split/SplitModule.java,170,183,14,,72,0,3,833915,pdfsam-extract/src/main/java/org/pdfsam/extract/ExtractModule.java,167,181,15,,82,1,3
24259552,,,,0.917241,0.937931,0.937931,681656,pdfsam-merge/src/main/java/org/pdfsam/merge/MergeSelectionPane.java,58,70,13,,145,0,0,681657,pdfsam-rotate/src/main/java/org/pdfsam/rotate/RotateSelectionPane.java,58,69,12,,138,0,0
27364785,,,,0.936937,0.945946,0.945946,834001,pdfsam-fx/src/main/java/org/pdfsam/ui/selection/multiple/PageRangesColumn.java,66,79,14,,106,0,0,834002,pdfsam-fx/src/main/java/org/pdfsam/ui/selection/multiple/PaceColumn.java,57,70,14,,111,0,0
27364752,,,,0.8875,0.9,0.9,833902,pdfsam-simple-split/src/main/java/org/pdfsam/split/SplitModule.java,170,183,14,,72,0,3,833914,pdfsam-rotate/src/main/java/org/pdfsam/rotate/RotateModule.java,159,173,15,,80,1,3
27364738,,,,0.875,0.9,0.9,833902,pdfsam-simple-split/src/main/java/org/pdfsam/split/SplitModule.java,170,183,14,,72,0,3,833916,pdfsam-merge/src/main/java/org/pdfsam/merge/MergeModule.java,146,159,14,,80,1,3
24259521,,,,0.972603,1,1,681623,pdfsam-simple-split/src/main/java/org/pdfsam/split/SplitModule.java,70,78,9,,73,0,0,681625,pdfsam-split-by-size/src/main/java/org/pdfsam/splitbysize/SplitBySizeModule.java,68,76,9,,73,0,0
24259520,,,,0.972603,1,1,681623,pdfsam-simple-split/src/main/java/org/pdfsam/split/SplitModule.java,70,78,9,,73,0,0,681624,pdfsam-split-by-bookmarks/src/main/java/org/pdfsam/splitbybookmarks/SplitByBookmarksModule.java,69,77,9,,73,0,0
